,W,L,W/L%,GB,PS/G,PA/G,SRS,year,Team
0,60,22,0.732,—,104.5,99.0,5.4,1996,Orlando Magic
1,47,35,0.573,13.0,97.2,94.9,2.24,1996,New York Knicks
2,42,40,0.512,18.0,96.5,95.0,1.46,1996,Miami Heat
3,39,43,0.476,21.0,102.5,101.5,0.99,1996,Washington Bullets
4,33,49,0.402,27.0,103.6,107.0,-3.37,1996,Boston Celtics
5,30,52,0.366,30.0,93.7,97.9,-4.14,1996,New Jersey Nets
6,18,64,0.22,42.0,94.5,104.5,-9.45,1996,Philadelphia 76ers
7,72,10,0.878,—,105.2,92.9,11.8,1996,Chicago Bulls
8,52,30,0.634,20.0,99.3,96.1,3.11,1996,Indiana Pacers
9,47,35,0.573,25.0,91.1,88.5,2.49,1996,Cleveland Cavaliers
10,46,36,0.561,26.0,98.3,97.1,1.29,1996,Atlanta Hawks
11,46,36,0.561,26.0,95.4,92.9,2.45,1996,Detroit Pistons
12,41,41,0.5,31.0,102.8,103.4,-0.48,1996,Charlotte Hornets
13,25,57,0.305,47.0,95.6,100.9,-4.92,1996,Milwaukee Bucks
14,21,61,0.256,51.0,97.5,105.0,-7.2,1996,Toronto Raptors
15,59,23,0.72,—,103.4,97.1,5.98,1996,San Antonio Spurs
16,55,27,0.671,4.0,102.5,95.9,6.25,1996,Utah Jazz
17,48,34,0.585,11.0,102.5,100.7,1.63,1996,Houston Rockets
18,35,47,0.427,24.0,97.7,100.4,-2.62,1996,Denver Nuggets
19,26,56,0.317,33.0,97.9,103.2,-5.14,1996,Minnesota Timberwolves
20,26,56,0.317,33.0,102.5,107.5,-4.71,1996,Dallas Mavericks
21,15,67,0.183,44.0,89.8,99.8,-9.55,1996,Vancouver Grizzlies
22,64,18,0.78,—,104.5,96.7,7.4,1996,Seattle SuperSonics
23,53,29,0.646,11.0,102.9,98.5,4.21,1996,Los Angeles Lakers
24,44,38,0.537,20.0,99.3,97.0,2.21,1996,Portland Trail Blazers
25,41,41,0.5,23.0,104.3,104.0,0.28,1996,Phoenix Suns
26,39,43,0.476,25.0,99.5,102.3,-2.62,1996,Sacramento Kings
27,36,46,0.439,28.0,101.6,103.1,-1.42,1996,Golden State Warriors
28,29,53,0.354,35.0,99.4,103.0,-3.46,1996,Los Angeles Clippers
29,61,21,0.744,—,94.8,89.3,5.56,1997,Miami Heat
30,57,25,0.695,4.0,95.4,92.2,3.31,1997,New York Knicks
31,45,37,0.549,16.0,94.1,94.5,-0.07,1997,Orlando Magic
32,44,38,0.537,17.0,99.4,97.7,1.77,1997,Washington Bullets
33,26,56,0.317,35.0,97.2,101.8,-3.89,1997,New Jersey Nets
34,22,60,0.268,39.0,100.2,106.7,-5.89,1997,Philadelphia 76ers
35,15,67,0.183,46.0,100.6,107.9,-6.62,1997,Boston Celtics
36,69,13,0.841,—,103.1,92.3,10.7,1997,Chicago Bulls
37,56,26,0.683,13.0,94.8,89.4,5.52,1997,Atlanta Hawks
38,54,28,0.659,15.0,94.2,88.9,5.45,1997,Detroit Pistons
39,54,28,0.659,15.0,98.9,97.0,2.13,1997,Charlotte Hornets
40,42,40,0.512,27.0,87.5,85.6,2.32,1997,Cleveland Cavaliers
41,39,43,0.476,30.0,95.4,94.4,1.49,1997,Indiana Pacers
42,33,49,0.402,36.0,95.3,97.2,-1.38,1997,Milwaukee Bucks
43,30,52,0.366,39.0,95.5,98.6,-2.56,1997,Toronto Raptors
44,64,18,0.78,—,103.1,94.3,7.97,1997,Utah Jazz
45,57,25,0.695,7.0,100.6,96.1,3.85,1997,Houston Rockets
46,40,42,0.488,24.0,96.1,97.6,-1.82,1997,Minnesota Timberwolves
47,24,58,0.293,40.0,90.6,97.0,-6.47,1997,Dallas Mavericks
48,21,61,0.256,43.0,97.8,104.1,-6.4,1997,Denver Nuggets
49,20,62,0.244,44.0,90.5,98.3,-7.93,1997,San Antonio Spurs
50,14,68,0.171,50.0,89.2,99.4,-10.17,1997,Vancouver Grizzlies
51,57,25,0.695,—,100.9,93.2,6.91,1997,Seattle SuperSonics
52,56,26,0.683,1.0,100.0,95.7,3.66,1997,Los Angeles Lakers
53,49,33,0.598,8.0,99.0,94.8,3.56,1997,Portland Trail Blazers
54,40,42,0.488,17.0,102.8,102.2,0.21,1997,Phoenix Suns
55,36,46,0.439,21.0,97.2,99.5,-2.66,1997,Los Angeles Clippers
56,34,48,0.415,23.0,96.4,99.8,-3.64,1997,Sacramento Kings
57,30,52,0.366,27.0,99.6,104.4,-4.9,1997,Golden State Warriors
58,55,27,0.671,—,95.0,90.0,5.09,1998,Miami Heat
59,43,39,0.524,12.0,91.6,89.1,2.74,1998,New York Knicks
60,43,39,0.524,12.0,99.6,98.1,1.88,1998,New Jersey Nets
61,42,40,0.512,13.0,97.2,96.6,1.11,1998,Washington Wizards
62,41,41,0.5,14.0,90.1,91.2,-0.53,1998,Orlando Magic
63,36,46,0.439,19.0,95.9,98.5,-1.96,1998,Boston Celtics
64,31,51,0.378,24.0,93.3,95.7,-1.89,1998,Philadelphia 76ers
65,62,20,0.756,—,96.7,89.6,7.24,1998,Chicago Bulls
66,58,24,0.707,4.0,96.0,89.9,6.25,1998,Indiana Pacers
67,51,31,0.622,11.0,96.6,94.6,2.45,1998,Charlotte Hornets
68,50,32,0.61,12.0,95.9,92.3,3.85,1998,Atlanta Hawks
69,47,35,0.573,15.0,92.5,89.8,3.06,1998,Cleveland Cavaliers
70,37,45,0.451,25.0,94.2,92.6,1.95,1998,Detroit Pistons
71,36,46,0.439,26.0,94.5,96.4,-1.33,1998,Milwaukee Bucks
72,16,66,0.195,46.0,94.9,104.2,-8.33,1998,Toronto Raptors
73,62,20,0.756,—,101.0,94.4,5.73,1998,Utah Jazz
74,56,26,0.683,6.0,92.5,88.5,3.3,1998,San Antonio Spurs
75,45,37,0.549,17.0,101.1,100.4,0.17,1998,Minnesota Timberwolves
76,41,41,0.5,21.0,98.8,99.5,-1.23,1998,Houston Rockets
77,20,62,0.244,42.0,91.4,97.5,-6.33,1998,Dallas Mavericks
78,19,63,0.232,43.0,96.6,103.9,-7.47,1998,Vancouver Grizzlies
79,11,71,0.134,51.0,89.0,100.8,-11.74,1998,Denver Nuggets
80,61,21,0.744,—,100.6,93.4,6.33,1998,Seattle SuperSonics
81,61,21,0.744,—,105.5,97.8,6.88,1998,Los Angeles Lakers
82,56,26,0.683,5.0,99.6,94.4,4.44,1998,Phoenix Suns
83,46,36,0.561,15.0,94.3,92.9,0.83,1998,Portland Trail Blazers
84,27,55,0.329,34.0,93.1,98.7,-5.83,1998,Sacramento Kings
85,19,63,0.232,42.0,88.3,97.4,-9.2,1998,Golden State Warriors
86,17,65,0.207,44.0,95.9,103.3,-7.53,1998,Los Angeles Clippers
87,33,17,0.66,—,89.0,84.0,5.11,1999,Miami Heat
88,33,17,0.66,—,89.5,86.9,3.11,1999,Orlando Magic
89,28,22,0.56,5.0,89.7,87.6,2.56,1999,Philadelphia 76ers
90,27,23,0.54,6.0,86.4,85.4,1.45,1999,New York Knicks
91,19,31,0.38,14.0,93.0,94.9,-1.75,1999,Boston Celtics
92,18,32,0.36,15.0,91.2,93.4,-1.75,1999,Washington Wizards
93,16,34,0.32,17.0,91.4,95.2,-3.2,1999,New Jersey Nets
94,33,17,0.66,—,94.7,90.9,3.86,1999,Indiana Pacers
95,31,19,0.62,2.0,86.3,83.4,2.82,1999,Atlanta Hawks
96,29,21,0.58,4.0,90.4,86.9,3.97,1999,Detroit Pistons
97,28,22,0.56,5.0,91.7,90.0,1.66,1999,Milwaukee Bucks
98,26,24,0.52,7.0,92.9,93.0,0.63,1999,Charlotte Hornets
99,23,27,0.46,10.0,91.1,92.8,-1.32,1999,Toronto Raptors
100,22,28,0.44,11.0,86.4,88.2,-0.94,1999,Cleveland Cavaliers
101,13,37,0.26,20.0,81.9,91.4,-8.58,1999,Chicago Bulls
102,37,13,0.74,—,92.8,84.7,7.12,1999,San Antonio Spurs
103,37,13,0.74,—,93.3,86.8,5.54,1999,Utah Jazz
104,31,19,0.62,6.0,94.2,91.9,1.39,1999,Houston Rockets
105,25,25,0.5,12.0,92.9,92.6,-0.17,1999,Minnesota Timberwolves
106,19,31,0.38,18.0,91.6,94.0,-2.5,1999,Dallas Mavericks
107,14,36,0.28,23.0,93.5,100.1,-6.67,1999,Denver Nuggets
108,8,42,0.16,29.0,88.9,97.5,-8.94,1999,Vancouver Grizzlies
109,35,15,0.7,—,94.8,88.5,5.67,1999,Portland Trail Blazers
110,31,19,0.62,4.0,99.0,96.0,2.68,1999,Los Angeles Lakers
111,27,23,0.54,8.0,95.6,93.3,2.15,1999,Phoenix Suns
112,27,23,0.54,8.0,100.2,100.6,-0.89,1999,Sacramento Kings
113,25,25,0.5,10.0,94.9,95.9,-1.43,1999,Seattle SuperSonics
114,21,29,0.42,14.0,88.3,90.8,-2.63,1999,Golden State Warriors
115,9,41,0.18,26.0,90.4,99.2,-8.94,1999,Los Angeles Clippers
116,52,30,0.634,—,94.4,91.3,2.75,2000,Miami Heat
117,50,32,0.61,2.0,92.1,90.7,1.3,2000,New York Knicks
118,49,33,0.598,3.0,94.8,93.4,1.02,2000,Philadelphia 76ers
119,41,41,0.5,11.0,100.1,99.4,0.43,2000,Orlando Magic
120,35,47,0.427,17.0,99.3,100.1,-1.0,2000,Boston Celtics
121,31,51,0.378,21.0,98.0,99.0,-1.18,2000,New Jersey Nets
122,29,53,0.354,23.0,96.6,99.9,-3.47,2000,Washington Wizards
123,56,26,0.683,—,101.3,96.7,4.15,2000,Indiana Pacers
124,49,33,0.598,7.0,98.4,95.8,2.33,2000,Charlotte Hornets
125,45,37,0.549,11.0,97.2,97.3,-0.46,2000,Toronto Raptors
126,42,40,0.512,14.0,103.5,102.0,1.13,2000,Detroit Pistons
127,42,40,0.512,14.0,101.2,101.0,-0.06,2000,Milwaukee Bucks
128,32,50,0.39,24.0,97.0,100.5,-3.64,2000,Cleveland Cavaliers
129,28,54,0.341,28.0,94.3,99.7,-5.41,2000,Atlanta Hawks
130,17,65,0.207,39.0,84.8,94.2,-9.23,2000,Chicago Bulls
131,55,27,0.671,—,96.5,92.0,4.52,2000,Utah Jazz
132,53,29,0.646,2.0,96.2,90.2,5.92,2000,San Antonio Spurs
133,50,32,0.61,5.0,98.5,96.0,2.67,2000,Minnesota Timberwolves
134,40,42,0.488,15.0,101.4,102.0,-0.29,2000,Dallas Mavericks
135,35,47,0.427,20.0,99.0,101.1,-1.76,2000,Denver Nuggets
136,34,48,0.415,21.0,99.5,100.3,-0.57,2000,Houston Rockets
137,22,60,0.268,33.0,93.9,99.5,-5.1,2000,Vancouver Grizzlies
138,67,15,0.817,—,100.8,92.3,8.41,2000,Los Angeles Lakers
139,59,23,0.72,8.0,97.5,91.0,6.36,2000,Portland Trail Blazers
140,53,29,0.646,14.0,98.9,93.7,5.24,2000,Phoenix Suns
141,45,37,0.549,22.0,99.1,98.1,1.17,2000,Seattle SuperSonics
142,44,38,0.537,23.0,105.0,102.0,3.04,2000,Sacramento Kings
143,19,63,0.232,48.0,95.5,103.8,-7.63,2000,Golden State Warriors
144,15,67,0.183,52.0,92.0,103.5,-10.73,2000,Los Angeles Clippers
145,56,26,0.683,—,94.7,90.4,3.64,2001,Philadelphia 76ers
146,50,32,0.61,6.0,88.9,86.6,1.73,2001,Miami Heat
147,48,34,0.585,8.0,88.7,86.1,1.98,2001,New York Knicks
148,43,39,0.524,13.0,97.5,96.5,0.39,2001,Orlando Magic
149,36,46,0.439,20.0,94.6,96.8,-2.4,2001,Boston Celtics
150,26,56,0.317,30.0,92.1,97.1,-5.3,2001,New Jersey Nets
151,19,63,0.232,37.0,93.2,99.9,-6.75,2001,Washington Wizards
152,52,30,0.634,—,100.7,96.9,3.14,2001,Milwaukee Bucks
153,47,35,0.573,5.0,97.6,95.4,1.69,2001,Toronto Raptors
154,46,36,0.561,6.0,91.9,89.8,1.45,2001,Charlotte Hornets
155,41,41,0.5,11.0,92.6,92.8,-0.77,2001,Indiana Pacers
156,32,50,0.39,20.0,95.6,97.3,-2.08,2001,Detroit Pistons
157,30,52,0.366,22.0,92.2,96.5,-4.48,2001,Cleveland Cavaliers
158,25,57,0.305,27.0,91.0,96.2,-5.55,2001,Atlanta Hawks
159,15,67,0.183,37.0,87.6,96.7,-9.09,2001,Chicago Bulls
160,58,24,0.707,—,96.2,88.4,7.92,2001,San Antonio Spurs
161,53,29,0.646,5.0,97.1,92.4,5.0,2001,Utah Jazz
162,53,29,0.646,5.0,100.5,96.2,4.61,2001,Dallas Mavericks
163,47,35,0.573,11.0,97.3,96.0,1.81,2001,Minnesota Timberwolves
164,45,37,0.549,13.0,97.2,94.9,2.71,2001,Houston Rockets
165,40,42,0.488,18.0,96.6,99.0,-1.83,2001,Denver Nuggets
166,23,59,0.28,35.0,91.7,97.5,-4.94,2001,Vancouver Grizzlies
167,56,26,0.683,—,100.6,97.2,3.74,2001,Los Angeles Lakers
168,55,27,0.671,1.0,101.7,95.9,6.07,2001,Sacramento Kings
169,51,31,0.622,5.0,94.0,91.8,2.63,2001,Phoenix Suns
170,50,32,0.61,6.0,95.4,91.2,4.52,2001,Portland Trail Blazers
171,44,38,0.537,12.0,97.3,97.3,0.55,2001,Seattle SuperSonics
172,31,51,0.378,25.0,92.5,95.3,-2.23,2001,Los Angeles Clippers
173,17,65,0.207,39.0,92.5,101.5,-8.11,2001,Golden State Warriors
174,52,30,0.634,—,96.2,92.0,3.67,2002,New Jersey Nets
175,49,33,0.598,3.0,96.4,94.1,1.75,2002,Boston Celtics
176,44,38,0.537,8.0,100.5,98.9,1.25,2002,Orlando Magic
177,43,39,0.524,9.0,91.0,89.4,1.27,2002,Philadelphia 76ers
178,37,45,0.451,15.0,92.8,94.2,-1.58,2002,Washington Wizards
179,36,46,0.439,16.0,87.2,88.7,-1.84,2002,Miami Heat
180,30,52,0.366,22.0,91.6,95.6,-4.15,2002,New York Knicks
181,50,32,0.61,—,94.3,92.2,1.69,2002,Detroit Pistons
182,44,38,0.537,6.0,93.9,92.9,0.57,2002,Charlotte Hornets
183,42,40,0.512,8.0,91.4,91.8,-0.71,2002,Toronto Raptors
184,42,40,0.512,8.0,96.8,96.5,-0.07,2002,Indiana Pacers
185,41,41,0.5,9.0,97.5,97.7,-0.62,2002,Milwaukee Bucks
186,33,49,0.402,17.0,94.0,98.3,-4.41,2002,Atlanta Hawks
187,29,53,0.354,21.0,95.3,98.6,-3.52,2002,Cleveland Cavaliers
188,21,61,0.256,29.0,89.5,98.0,-8.52,2002,Chicago Bulls
189,58,24,0.707,—,96.7,90.5,6.28,2002,San Antonio Spurs
190,57,25,0.695,1.0,105.2,101.0,4.41,2002,Dallas Mavericks
191,50,32,0.61,8.0,99.3,96.0,3.58,2002,Minnesota Timberwolves
192,44,38,0.537,14.0,96.0,95.1,1.21,2002,Utah Jazz
193,28,54,0.341,30.0,92.3,97.2,-4.31,2002,Houston Rockets
194,27,55,0.329,31.0,92.2,98.0,-5.19,2002,Denver Nuggets
195,23,59,0.28,35.0,89.9,97.3,-6.74,2002,Memphis Grizzlies
196,61,21,0.744,—,104.6,97.0,7.61,2002,Sacramento Kings
197,58,24,0.707,3.0,101.3,94.1,7.15,2002,Los Angeles Lakers
198,49,33,0.598,12.0,96.6,93.7,3.21,2002,Portland Trail Blazers
199,45,37,0.549,16.0,97.7,94.7,3.24,2002,Seattle SuperSonics
200,39,43,0.476,22.0,95.7,96.1,-0.09,2002,Los Angeles Clippers
201,36,46,0.439,25.0,95.1,95.8,-0.3,2002,Phoenix Suns
202,21,61,0.256,40.0,97.7,103.1,-4.8,2002,Golden State Warriors
203,49,33,0.598,—,95.4,90.1,4.42,2003,New Jersey Nets
204,48,34,0.585,1.0,96.8,94.5,1.76,2003,Philadelphia 76ers
205,44,38,0.537,5.0,92.7,93.1,-0.75,2003,Boston Celtics
206,42,40,0.512,7.0,98.5,98.4,-0.39,2003,Orlando Magic
207,37,45,0.451,12.0,91.5,92.5,-1.47,2003,Washington Wizards
208,37,45,0.451,12.0,95.9,97.2,-1.61,2003,New York Knicks
209,25,57,0.305,24.0,85.6,90.6,-5.13,2003,Miami Heat
210,50,32,0.61,—,91.4,87.7,2.97,2003,Detroit Pistons
211,48,34,0.585,2.0,96.8,93.3,2.79,2003,Indiana Pacers
212,47,35,0.573,3.0,93.9,91.8,1.52,2003,New Orleans Hornets
213,42,40,0.512,8.0,99.5,99.3,-0.24,2003,Milwaukee Bucks
214,35,47,0.427,15.0,94.1,97.6,-3.87,2003,Atlanta Hawks
215,30,52,0.366,20.0,95.0,100.1,-5.31,2003,Chicago Bulls
216,24,58,0.293,26.0,90.9,96.8,-6.1,2003,Toronto Raptors
217,17,65,0.207,33.0,91.4,101.0,-9.59,2003,Cleveland Cavaliers
218,60,22,0.732,—,95.8,90.4,5.65,2003,San Antonio Spurs
219,60,22,0.732,—,103.0,95.2,7.9,2003,Dallas Mavericks
220,51,31,0.622,9.0,98.1,96.0,2.46,2003,Minnesota Timberwolves
221,47,35,0.573,13.0,94.7,92.3,2.76,2003,Utah Jazz
222,43,39,0.524,17.0,93.8,92.3,1.89,2003,Houston Rockets
223,28,54,0.341,32.0,97.5,100.7,-2.6,2003,Memphis Grizzlies
224,17,65,0.207,43.0,84.2,92.4,-7.41,2003,Denver Nuggets
225,59,23,0.72,—,101.7,95.2,6.68,2003,Sacramento Kings
226,50,32,0.61,9.0,100.4,98.0,2.71,2003,Los Angeles Lakers
227,50,32,0.61,9.0,95.2,92.5,2.97,2003,Portland Trail Blazers
228,44,38,0.537,15.0,95.5,94.4,1.57,2003,Phoenix Suns
229,40,42,0.488,19.0,92.1,92.3,0.37,2003,Seattle SuperSonics
230,38,44,0.463,21.0,102.4,103.6,-0.6,2003,Golden State Warriors
231,27,55,0.329,32.0,93.8,97.9,-3.45,2003,Los Angeles Clippers
232,47,35,0.573,—,90.3,87.8,1.88,2004,New Jersey Nets
233,42,40,0.512,5.0,90.3,89.7,-0.13,2004,Miami Heat
234,39,43,0.476,8.0,92.0,93.5,-1.97,2004,New York Knicks
235,36,46,0.439,11.0,95.3,96.7,-1.99,2004,Boston Celtics
236,33,49,0.402,14.0,88.0,90.5,-2.95,2004,Philadelphia 76ers
237,25,57,0.305,22.0,91.8,97.4,-6.12,2004,Washington Wizards
238,21,61,0.256,26.0,94.0,101.1,-7.25,2004,Orlando Magic
239,61,21,0.744,—,91.4,85.6,4.93,2004,Indiana Pacers
240,54,28,0.659,7.0,90.1,84.3,5.04,2004,Detroit Pistons
241,41,41,0.5,20.0,91.8,91.9,-0.72,2004,New Orleans Hornets
242,41,41,0.5,20.0,98.0,97.0,0.42,2004,Milwaukee Bucks
243,35,47,0.427,26.0,92.9,95.5,-3.07,2004,Cleveland Cavaliers
244,33,49,0.402,28.0,85.4,88.5,-3.42,2004,Toronto Raptors
245,28,54,0.341,33.0,92.8,97.5,-5.0,2004,Atlanta Hawks
246,23,59,0.28,38.0,89.7,96.0,-6.69,2004,Chicago Bulls
247,58,24,0.707,—,94.5,89.1,5.86,2004,Minnesota Timberwolves
248,57,25,0.695,1.0,91.5,84.3,7.51,2004,San Antonio Spurs
249,52,30,0.634,6.0,105.2,100.8,4.86,2004,Dallas Mavericks
250,50,32,0.61,8.0,96.7,94.3,2.95,2004,Memphis Grizzlies
251,45,37,0.549,13.0,89.8,88.0,2.28,2004,Houston Rockets
252,43,39,0.524,15.0,97.2,96.1,1.65,2004,Denver Nuggets
253,42,40,0.512,16.0,88.7,89.9,-0.53,2004,Utah Jazz
254,56,26,0.683,—,98.2,94.3,4.35,2004,Los Angeles Lakers
255,55,27,0.671,1.0,102.8,97.8,5.41,2004,Sacramento Kings
256,41,41,0.5,15.0,90.7,92.0,-0.58,2004,Portland Trail Blazers
257,37,45,0.451,19.0,93.3,94.0,-0.07,2004,Golden State Warriors
258,37,45,0.451,19.0,97.1,97.8,0.02,2004,Seattle SuperSonics
259,29,53,0.354,27.0,94.2,97.9,-2.94,2004,Phoenix Suns
260,28,54,0.341,28.0,94.8,99.4,-3.74,2004,Los Angeles Clippers
261,45,37,0.549,—,101.3,100.4,0.35,2005,Boston Celtics
262,43,39,0.524,2.0,99.1,99.9,-1.07,2005,Philadelphia 76ers
263,42,40,0.512,3.0,91.4,92.9,-1.82,2005,New Jersey Nets
264,33,49,0.402,12.0,99.7,101.4,-1.81,2005,Toronto Raptors
265,33,49,0.402,12.0,97.3,99.7,-2.72,2005,New York Knicks
266,54,28,0.659,—,93.3,89.5,3.31,2005,Detroit Pistons
267,47,35,0.573,7.0,94.5,93.4,0.65,2005,Chicago Bulls
268,44,38,0.537,10.0,93.0,92.2,0.49,2005,Indiana Pacers
269,42,40,0.512,12.0,96.5,95.7,0.27,2005,Cleveland Cavaliers
270,30,52,0.366,24.0,97.2,100.2,-3.09,2005,Milwaukee Bucks
271,59,23,0.72,—,101.5,95.0,5.77,2005,Miami Heat
272,45,37,0.549,14.0,100.5,100.8,-0.71,2005,Washington Wizards
273,36,46,0.439,23.0,99.5,101.8,-2.52,2005,Orlando Magic
274,18,64,0.22,41.0,94.3,100.2,-6.15,2005,Charlotte Bobcats
275,13,69,0.159,46.0,92.7,102.5,-9.62,2005,Atlanta Hawks
276,52,30,0.634,—,98.9,96.6,2.59,2005,Seattle SuperSonics
277,49,33,0.598,3.0,99.5,97.5,2.23,2005,Denver Nuggets
278,44,38,0.537,8.0,96.8,95.3,1.73,2005,Minnesota Timberwolves
279,27,55,0.329,25.0,92.9,96.9,-3.45,2005,Portland Trail Blazers
280,26,56,0.317,26.0,93.0,97.3,-3.74,2005,Utah Jazz
281,62,20,0.756,—,110.4,103.3,7.08,2005,Phoenix Suns
282,50,32,0.61,12.0,103.7,101.6,2.56,2005,Sacramento Kings
283,37,45,0.451,25.0,95.7,96.5,-0.47,2005,Los Angeles Clippers
284,34,48,0.415,28.0,98.7,101.7,-2.32,2005,Los Angeles Lakers
285,34,48,0.415,28.0,98.7,100.9,-1.74,2005,Golden State Warriors
286,59,23,0.72,—,96.2,88.4,7.84,2005,San Antonio Spurs
287,58,24,0.707,1.0,102.5,96.8,5.86,2005,Dallas Mavericks
288,51,31,0.622,8.0,95.1,91.0,4.27,2005,Houston Rockets
289,45,37,0.549,14.0,93.4,91.1,2.64,2005,Memphis Grizzlies
290,18,64,0.22,41.0,88.4,95.5,-6.3,2005,New Orleans Hornets
291,49,33,0.598,—,93.8,92.4,1.11,2006,New Jersey Nets
292,38,44,0.463,11.0,99.4,101.3,-2.1,2006,Philadelphia 76ers
293,33,49,0.402,16.0,98.0,99.5,-1.59,2006,Boston Celtics
294,27,55,0.329,22.0,101.1,104.0,-3.03,2006,Toronto Raptors
295,23,59,0.28,26.0,95.6,102.0,-6.3,2006,New York Knicks
296,64,18,0.78,—,96.8,90.2,6.24,2006,Detroit Pistons
297,50,32,0.61,14.0,97.6,95.4,2.17,2006,Cleveland Cavaliers
298,41,41,0.5,23.0,93.9,92.0,1.62,2006,Indiana Pacers
299,41,41,0.5,23.0,97.8,97.2,0.51,2006,Chicago Bulls
300,40,42,0.488,24.0,97.8,98.8,-1.07,2006,Milwaukee Bucks
301,52,30,0.634,—,99.9,96.0,3.59,2006,Miami Heat
302,42,40,0.512,10.0,101.7,99.8,1.57,2006,Washington Wizards
303,36,46,0.439,16.0,94.9,96.0,-1.26,2006,Orlando Magic
304,26,56,0.317,26.0,96.9,100.9,-3.9,2006,Charlotte Bobcats
305,26,56,0.317,26.0,97.2,102.0,-4.69,2006,Atlanta Hawks
306,44,38,0.537,—,100.3,100.1,0.36,2006,Denver Nuggets
307,41,41,0.5,3.0,92.4,95.0,-2.49,2006,Utah Jazz
308,35,47,0.427,9.0,102.6,105.6,-2.88,2006,Seattle SuperSonics
309,33,49,0.402,11.0,91.7,93.6,-1.75,2006,Minnesota Timberwolves
310,21,61,0.256,23.0,88.8,98.3,-8.91,2006,Portland Trail Blazers
311,54,28,0.659,—,108.4,102.8,5.48,2006,Phoenix Suns
312,47,35,0.573,7.0,97.2,95.6,1.75,2006,Los Angeles Clippers
313,45,37,0.549,9.0,99.4,96.9,2.53,2006,Los Angeles Lakers
314,44,38,0.537,10.0,98.9,97.3,1.61,2006,Sacramento Kings
315,34,48,0.415,20.0,98.5,99.8,-1.11,2006,Golden State Warriors
316,63,19,0.768,—,95.6,88.8,6.69,2006,San Antonio Spurs
317,60,22,0.732,3.0,99.1,93.1,5.96,2006,Dallas Mavericks
318,49,33,0.598,14.0,92.2,88.5,3.74,2006,Memphis Grizzlies
319,38,44,0.463,25.0,92.8,95.6,-2.51,2006,New Orleans/Oklahoma City Hornets
320,34,48,0.415,29.0,90.1,91.7,-1.3,2006,Houston Rockets
321,47,35,0.573,—,99.5,98.5,0.61,2007,Toronto Raptors
322,41,41,0.5,6.0,97.6,98.3,-1.0,2007,New Jersey Nets
323,35,47,0.427,12.0,94.9,98.0,-3.26,2007,Philadelphia 76ers
324,33,49,0.402,14.0,97.5,100.3,-3.06,2007,New York Knicks
325,24,58,0.293,23.0,95.8,99.2,-3.7,2007,Boston Celtics
326,53,29,0.646,—,96.0,91.8,3.69,2007,Detroit Pistons
327,50,32,0.61,3.0,96.8,92.9,3.33,2007,Cleveland Cavaliers
328,49,33,0.598,4.0,98.8,93.8,4.52,2007,Chicago Bulls
329,35,47,0.427,18.0,95.6,98.0,-2.62,2007,Indiana Pacers
330,28,54,0.341,25.0,99.7,104.0,-4.43,2007,Milwaukee Bucks
331,44,38,0.537,—,94.6,95.5,-1.21,2007,Miami Heat
332,41,41,0.5,3.0,104.3,104.9,-0.8,2007,Washington Wizards
333,40,42,0.488,4.0,94.8,94.0,0.35,2007,Orlando Magic
334,33,49,0.402,11.0,96.9,100.6,-3.97,2007,Charlotte Bobcats
335,30,52,0.366,14.0,93.7,98.4,-4.86,2007,Atlanta Hawks
336,51,31,0.622,—,101.5,98.6,3.06,2007,Utah Jazz
337,45,37,0.549,6.0,105.4,103.7,1.69,2007,Denver Nuggets
338,32,50,0.39,19.0,94.1,98.4,-3.78,2007,Portland Trail Blazers
339,32,50,0.39,19.0,96.1,99.7,-3.16,2007,Minnesota Timberwolves
340,31,51,0.378,20.0,99.1,102.0,-2.45,2007,Seattle SuperSonics
341,61,21,0.744,—,110.2,102.9,7.28,2007,Phoenix Suns
342,42,40,0.512,19.0,103.3,103.4,0.24,2007,Los Angeles Lakers
343,42,40,0.512,19.0,106.5,106.9,0.0,2007,Golden State Warriors
344,40,42,0.488,21.0,95.6,96.1,-0.07,2007,Los Angeles Clippers
345,33,49,0.402,28.0,101.3,103.1,-1.35,2007,Sacramento Kings
346,67,15,0.817,—,100.0,92.8,7.28,2007,Dallas Mavericks
347,58,24,0.707,9.0,98.5,90.1,8.35,2007,San Antonio Spurs
348,52,30,0.634,15.0,97.0,92.1,5.04,2007,Houston Rockets
349,39,43,0.476,28.0,95.5,97.1,-1.19,2007,New Orleans/Oklahoma City Hornets
350,22,60,0.268,45.0,101.6,106.7,-4.44,2007,Memphis Grizzlies
351,66,16,0.805,—,100.5,90.3,9.3,2008,Boston Celtics
352,41,41,0.5,25.0,100.2,97.3,2.47,2008,Toronto Raptors
353,40,42,0.488,26.0,96.6,96.2,0.19,2008,Philadelphia 76ers
354,34,48,0.415,32.0,95.8,100.9,-5.15,2008,New Jersey Nets
355,23,59,0.28,43.0,96.9,103.5,-6.55,2008,New York Knicks
356,59,23,0.72,—,97.5,90.1,6.67,2008,Detroit Pistons
357,45,37,0.549,14.0,96.4,96.7,-0.53,2008,Cleveland Cavaliers
358,36,46,0.439,23.0,104.0,105.4,-1.87,2008,Indiana Pacers
359,33,49,0.402,26.0,97.3,100.4,-3.19,2008,Chicago Bulls
360,26,56,0.317,33.0,97.0,103.9,-6.92,2008,Milwaukee Bucks
361,52,30,0.634,—,104.5,99.0,4.79,2008,Orlando Magic
362,43,39,0.524,9.0,98.8,99.2,-0.61,2008,Washington Wizards
363,37,45,0.451,15.0,98.2,100.0,-2.23,2008,Atlanta Hawks
364,32,50,0.39,20.0,97.1,101.4,-4.49,2008,Charlotte Bobcats
365,15,67,0.183,37.0,91.4,100.0,-8.53,2008,Miami Heat
366,54,28,0.659,—,106.2,99.3,6.86,2008,Utah Jazz
367,50,32,0.61,4.0,110.7,107.0,3.74,2008,Denver Nuggets
368,41,41,0.5,13.0,95.4,96.3,-0.52,2008,Portland Trail Blazers
369,22,60,0.268,32.0,95.6,102.4,-6.26,2008,Minnesota Timberwolves
370,20,62,0.244,34.0,97.5,106.3,-8.04,2008,Seattle SuperSonics
371,57,25,0.695,—,108.6,101.3,7.34,2008,Los Angeles Lakers
372,55,27,0.671,2.0,110.1,105.0,5.14,2008,Phoenix Suns
373,48,34,0.585,9.0,111.0,108.8,2.38,2008,Golden State Warriors
374,38,44,0.463,19.0,102.5,104.8,-1.86,2008,Sacramento Kings
375,23,59,0.28,34.0,93.8,101.1,-6.56,2008,Los Angeles Clippers
376,56,26,0.683,—,100.9,95.6,5.46,2008,New Orleans Hornets
377,56,26,0.683,—,95.4,90.6,5.1,2008,San Antonio Spurs
378,55,27,0.671,1.0,96.7,92.0,4.83,2008,Houston Rockets
379,51,31,0.622,5.0,100.4,95.9,4.7,2008,Dallas Mavericks
380,22,60,0.268,34.0,100.7,106.9,-5.76,2008,Memphis Grizzlies
381,62,20,0.756,—,100.9,93.4,7.44,2009,Boston Celtics
382,41,41,0.5,21.0,97.4,97.3,0.16,2009,Philadelphia 76ers
383,34,48,0.415,28.0,98.1,100.5,-2.31,2009,New Jersey Nets
384,33,49,0.402,29.0,99.0,101.9,-2.54,2009,Toronto Raptors
385,32,50,0.39,30.0,105.2,107.8,-2.33,2009,New York Knicks
386,66,16,0.805,—,100.3,91.4,8.68,2009,Cleveland Cavaliers
387,41,41,0.5,25.0,102.2,102.5,-0.16,2009,Chicago Bulls
388,39,43,0.476,27.0,94.2,94.7,-0.36,2009,Detroit Pistons
389,36,46,0.439,30.0,105.1,106.2,-0.76,2009,Indiana Pacers
390,34,48,0.415,32.0,99.3,100.4,-0.88,2009,Milwaukee Bucks
391,59,23,0.72,—,101.0,94.4,6.48,2009,Orlando Magic
392,47,35,0.573,12.0,98.1,96.5,1.7,2009,Atlanta Hawks
393,43,39,0.524,16.0,98.3,98.0,0.49,2009,Miami Heat
394,35,47,0.427,24.0,93.6,94.9,-1.2,2009,Charlotte Bobcats
395,19,63,0.232,40.0,96.1,103.5,-6.98,2009,Washington Wizards
396,54,28,0.659,—,104.3,100.9,3.13,2009,Denver Nuggets
397,54,28,0.659,—,99.4,94.1,5.0,2009,Portland Trail Blazers
398,48,34,0.585,6.0,103.6,100.9,2.31,2009,Utah Jazz
399,24,58,0.293,30.0,97.8,102.7,-4.74,2009,Minnesota Timberwolves
400,23,59,0.28,31.0,97.0,103.1,-6.04,2009,Oklahoma City Thunder
401,65,17,0.793,—,106.9,99.3,7.11,2009,Los Angeles Lakers
402,46,36,0.561,19.0,109.4,107.5,1.62,2009,Phoenix Suns
403,29,53,0.354,36.0,108.6,112.3,-3.8,2009,Golden State Warriors
404,19,63,0.232,46.0,95.1,103.9,-8.47,2009,Los Angeles Clippers
405,17,65,0.207,48.0,100.6,109.3,-8.6,2009,Sacramento Kings
406,54,28,0.659,—,97.0,93.3,3.36,2009,San Antonio Spurs
407,53,29,0.646,1.0,98.4,94.4,3.73,2009,Houston Rockets
408,50,32,0.61,4.0,101.7,99.8,1.68,2009,Dallas Mavericks
409,49,33,0.598,5.0,95.8,94.3,1.41,2009,New Orleans Hornets
410,24,58,0.293,30.0,93.9,99.3,-5.23,2009,Memphis Grizzlies
411,50,32,0.61,—,99.2,95.6,3.37,2010,Boston Celtics
412,40,42,0.488,10.0,104.1,105.9,-1.83,2010,Toronto Raptors
413,29,53,0.354,21.0,102.1,105.9,-4.01,2010,New York Knicks
414,27,55,0.329,23.0,97.7,101.6,-3.93,2010,Philadelphia 76ers
415,12,70,0.146,38.0,92.4,101.5,-8.93,2010,New Jersey Nets
416,61,21,0.744,—,102.1,95.6,6.17,2010,Cleveland Cavaliers
417,46,36,0.561,15.0,97.7,96.0,1.37,2010,Milwaukee Bucks
418,41,41,0.5,20.0,97.5,99.1,-1.64,2010,Chicago Bulls
419,32,50,0.39,29.0,100.8,103.8,-3.11,2010,Indiana Pacers
420,27,55,0.329,34.0,94.0,99.1,-5.02,2010,Detroit Pistons
421,59,23,0.72,—,102.8,95.3,7.12,2010,Orlando Magic
422,53,29,0.646,6.0,101.7,97.0,4.44,2010,Atlanta Hawks
423,47,35,0.573,12.0,96.5,94.2,1.99,2010,Miami Heat
424,44,38,0.537,15.0,95.3,93.8,1.3,2010,Charlotte Bobcats
425,26,56,0.317,33.0,96.2,101.0,-4.72,2010,Washington Wizards
426,53,29,0.646,—,106.5,102.4,4.15,2010,Denver Nuggets
427,53,29,0.646,—,104.2,98.9,5.33,2010,Utah Jazz
428,50,32,0.61,3.0,98.1,94.8,3.18,2010,Portland Trail Blazers
429,50,32,0.61,3.0,101.5,98.0,3.55,2010,Oklahoma City Thunder
430,15,67,0.183,38.0,98.2,107.8,-9.06,2010,Minnesota Timberwolves
431,57,25,0.695,—,101.7,97.0,4.78,2010,Los Angeles Lakers
432,54,28,0.659,3.0,110.2,105.3,4.67,2010,Phoenix Suns
433,29,53,0.354,28.0,95.7,102.1,-6.01,2010,Los Angeles Clippers
434,26,56,0.317,31.0,108.8,112.4,-3.28,2010,Golden State Warriors
435,25,57,0.305,32.0,100.0,104.4,-4.06,2010,Sacramento Kings
436,55,27,0.671,—,102.0,99.3,2.66,2010,Dallas Mavericks
437,50,32,0.61,5.0,101.4,96.3,5.07,2010,San Antonio Spurs
438,42,40,0.512,13.0,102.4,102.7,-0.02,2010,Houston Rockets
439,40,42,0.488,15.0,102.5,104.0,-1.39,2010,Memphis Grizzlies
440,37,45,0.451,18.0,100.2,102.7,-2.27,2010,New Orleans Hornets
441,56,26,0.683,—,96.5,91.1,4.83,2011,Boston Celtics
442,42,40,0.512,14.0,106.5,105.7,0.48,2011,New York Knicks
443,41,41,0.5,15.0,99.0,97.5,1.01,2011,Philadelphia 76ers
444,24,58,0.293,32.0,94.2,100.4,-6.28,2011,New Jersey Nets
445,22,60,0.268,34.0,99.1,105.4,-6.28,2011,Toronto Raptors
446,62,20,0.756,—,98.6,91.3,6.53,2011,Chicago Bulls
447,37,45,0.451,25.0,99.8,100.9,-1.38,2011,Indiana Pacers
448,35,47,0.427,27.0,91.9,92.7,-1.02,2011,Milwaukee Bucks
449,30,52,0.366,32.0,97.0,100.6,-3.78,2011,Detroit Pistons
450,19,63,0.232,43.0,95.5,104.5,-8.88,2011,Cleveland Cavaliers
451,58,24,0.707,—,102.1,94.6,6.76,2011,Miami Heat
452,52,30,0.634,6.0,99.2,93.7,4.92,2011,Orlando Magic
453,44,38,0.537,14.0,95.0,95.8,-1.1,2011,Atlanta Hawks
454,34,48,0.415,24.0,93.3,97.3,-4.08,2011,Charlotte Bobcats
455,23,59,0.28,35.0,97.3,104.7,-7.3,2011,Washington Wizards
456,55,27,0.671,—,104.8,101.0,3.81,2011,Oklahoma City Thunder
457,50,32,0.61,5.0,107.5,102.7,4.81,2011,Denver Nuggets
458,48,34,0.585,7.0,96.3,94.8,1.85,2011,Portland Trail Blazers
459,39,43,0.476,16.0,99.4,101.3,-1.44,2011,Utah Jazz
460,17,65,0.207,38.0,101.1,107.7,-5.97,2011,Minnesota Timberwolves
461,57,25,0.695,—,101.5,95.4,6.01,2011,Los Angeles Lakers
462,40,42,0.488,17.0,105.0,105.9,-0.46,2011,Phoenix Suns
463,36,46,0.439,21.0,103.4,105.7,-2.0,2011,Golden State Warriors
464,32,50,0.39,25.0,98.6,101.8,-2.71,2011,Los Angeles Clippers
465,24,58,0.293,33.0,99.4,104.7,-4.8,2011,Sacramento Kings
466,61,21,0.744,—,103.7,98.0,5.86,2011,San Antonio Spurs
467,57,25,0.695,4.0,100.2,96.0,4.41,2011,Dallas Mavericks
468,46,36,0.561,15.0,94.9,94.0,1.28,2011,New Orleans Hornets
469,46,36,0.561,15.0,99.9,97.6,2.55,2011,Memphis Grizzlies
470,43,39,0.524,18.0,105.9,103.7,2.37,2011,Houston Rockets
471,39,27,0.591,—,91.8,89.3,2.26,2012,Boston Celtics
472,36,30,0.545,3.0,97.8,94.7,2.39,2012,New York Knicks
473,35,31,0.53,4.0,93.6,89.4,3.59,2012,Philadelphia 76ers
474,23,43,0.348,16.0,90.7,94.0,-3.67,2012,Toronto Raptors
475,22,44,0.333,17.0,93.1,99.1,-6.37,2012,New Jersey Nets
476,50,16,0.758,—,96.3,88.2,7.43,2012,Chicago Bulls
477,42,24,0.636,8.0,97.7,94.4,2.6,2012,Indiana Pacers
478,31,35,0.47,19.0,99.0,98.7,-0.23,2012,Milwaukee Bucks
479,25,41,0.379,25.0,90.9,95.7,-5.19,2012,Detroit Pistons
480,21,45,0.318,29.0,93.0,100.2,-7.34,2012,Cleveland Cavaliers
481,46,20,0.697,—,98.5,92.5,5.72,2012,Miami Heat
482,40,26,0.606,6.0,96.6,93.2,2.67,2012,Atlanta Hawks
483,37,29,0.561,9.0,94.2,93.4,0.46,2012,Orlando Magic
484,20,46,0.303,26.0,93.6,98.4,-5.14,2012,Washington Wizards
485,7,59,0.106,39.0,87.0,100.9,-13.96,2012,Charlotte Bobcats
486,47,19,0.712,—,103.1,96.9,6.44,2012,Oklahoma City Thunder
487,38,28,0.576,9.0,104.1,101.2,3.16,2012,Denver Nuggets
488,36,30,0.545,11.0,99.7,99.0,0.92,2012,Utah Jazz
489,28,38,0.424,19.0,97.2,97.8,-0.22,2012,Portland Trail Blazers
490,26,40,0.394,21.0,97.9,100.1,-1.83,2012,Minnesota Timberwolves
491,41,25,0.621,—,97.3,95.9,1.96,2012,Los Angeles Lakers
492,40,26,0.606,1.0,97.5,95.0,2.82,2012,Los Angeles Clippers
493,33,33,0.5,8.0,98.4,98.6,0.29,2012,Phoenix Suns
494,23,43,0.348,18.0,97.8,101.2,-2.79,2012,Golden State Warriors
495,22,44,0.333,19.0,98.8,104.4,-4.95,2012,Sacramento Kings
496,50,16,0.758,—,103.7,96.5,7.28,2012,San Antonio Spurs
497,41,25,0.621,9.0,95.0,93.0,2.43,2012,Memphis Grizzlies
498,36,30,0.545,14.0,95.8,94.8,1.78,2012,Dallas Mavericks
499,34,32,0.515,16.0,98.1,97.9,0.57,2012,Houston Rockets
500,21,45,0.318,29.0,89.6,93.4,-3.11,2012,New Orleans Hornets
501,54,28,0.659,—,100.0,95.7,3.73,2013,New York Knicks
502,49,33,0.598,5.0,96.9,95.1,1.25,2013,Brooklyn Nets
503,41,40,0.506,12.5,96.5,96.7,-0.62,2013,Boston Celtics
504,34,48,0.415,20.0,93.2,96.5,-3.51,2013,Philadelphia 76ers
505,34,48,0.415,20.0,97.2,98.7,-1.96,2013,Toronto Raptors
506,49,32,0.605,—,94.7,90.7,3.34,2013,Indiana Pacers
507,45,37,0.549,4.5,93.2,92.9,-0.02,2013,Chicago Bulls
508,38,44,0.463,11.5,98.9,100.4,-1.83,2013,Milwaukee Bucks
509,29,53,0.354,20.5,94.9,98.8,-4.33,2013,Detroit Pistons
510,24,58,0.293,25.5,96.5,101.2,-4.87,2013,Cleveland Cavaliers
511,66,16,0.805,—,102.9,95.0,7.03,2013,Miami Heat
512,44,38,0.537,22.0,98.0,97.5,-0.08,2013,Atlanta Hawks
513,29,53,0.354,37.0,93.2,95.8,-2.78,2013,Washington Wizards
514,21,61,0.256,45.0,93.4,102.7,-9.29,2013,Charlotte Bobcats
515,20,62,0.244,46.0,94.1,101.1,-7.12,2013,Orlando Magic
516,60,22,0.732,—,105.7,96.5,9.15,2013,Oklahoma City Thunder
517,57,25,0.695,3.0,106.1,101.1,5.37,2013,Denver Nuggets
518,43,39,0.524,17.0,98.0,98.1,0.3,2013,Utah Jazz
519,33,49,0.402,27.0,97.5,100.7,-2.53,2013,Portland Trail Blazers
520,31,51,0.378,29.0,95.7,98.1,-1.83,2013,Minnesota Timberwolves
521,56,26,0.683,—,101.1,94.6,6.43,2013,Los Angeles Clippers
522,47,35,0.573,9.0,101.2,100.3,1.32,2013,Golden State Warriors
523,45,37,0.549,11.0,102.2,101.0,1.48,2013,Los Angeles Lakers
524,28,54,0.341,28.0,100.2,105.1,-4.26,2013,Sacramento Kings
525,25,57,0.305,31.0,95.2,101.6,-5.75,2013,Phoenix Suns
526,58,24,0.707,—,103.0,96.6,6.67,2013,San Antonio Spurs
527,56,26,0.683,2.0,93.4,89.3,4.32,2013,Memphis Grizzlies
528,45,37,0.549,13.0,106.0,102.5,3.69,2013,Houston Rockets
529,41,41,0.5,17.0,101.1,101.7,-0.24,2013,Dallas Mavericks
530,27,55,0.329,31.0,94.1,97.9,-3.12,2013,New Orleans Hornets
531,48,34,0.585,—,101.3,98.0,2.55,2014,Toronto Raptors
532,44,38,0.537,4.0,98.5,99.5,-1.58,2014,Brooklyn Nets
533,37,45,0.451,11.0,98.6,99.4,-1.4,2014,New York Knicks
534,25,57,0.305,23.0,96.2,100.7,-4.97,2014,Boston Celtics
535,19,63,0.232,29.0,99.5,109.9,-10.66,2014,Philadelphia 76ers
536,56,26,0.683,—,96.7,92.3,3.63,2014,Indiana Pacers
537,48,34,0.585,8.0,93.7,91.8,1.2,2014,Chicago Bulls
538,33,49,0.402,23.0,98.2,101.5,-3.86,2014,Cleveland Cavaliers
539,29,53,0.354,27.0,101.0,104.7,-4.13,2014,Detroit Pistons
540,15,67,0.183,41.0,95.5,103.7,-8.41,2014,Milwaukee Bucks
541,54,28,0.659,—,102.2,97.4,4.15,2014,Miami Heat
542,44,38,0.537,10.0,100.7,99.4,0.48,2014,Washington Wizards
543,43,39,0.524,11.0,96.9,97.1,-0.89,2014,Charlotte Bobcats
544,38,44,0.463,16.0,101.0,101.5,-0.88,2014,Atlanta Hawks
545,23,59,0.28,31.0,96.5,102.0,-5.88,2014,Orlando Magic
546,59,23,0.72,—,106.2,99.8,6.66,2014,Oklahoma City Thunder
547,54,28,0.659,5.0,106.7,102.8,4.44,2014,Portland Trail Blazers
548,40,42,0.488,19.0,106.9,104.3,3.1,2014,Minnesota Timberwolves
549,36,46,0.439,23.0,104.4,106.5,-1.4,2014,Denver Nuggets
550,25,57,0.305,34.0,95.0,102.2,-6.27,2014,Utah Jazz
551,57,25,0.695,—,107.9,101.0,7.27,2014,Los Angeles Clippers
552,51,31,0.622,6.0,104.3,99.5,5.15,2014,Golden State Warriors
553,48,34,0.585,9.0,105.2,102.6,3.02,2014,Phoenix Suns
554,28,54,0.341,29.0,100.5,103.4,-2.08,2014,Sacramento Kings
555,27,55,0.329,30.0,103.0,109.2,-5.33,2014,Los Angeles Lakers
556,62,20,0.756,—,105.4,97.6,8.0,2014,San Antonio Spurs
557,54,28,0.659,8.0,107.7,103.1,5.06,2014,Houston Rockets
558,50,32,0.61,12.0,96.1,94.6,2.18,2014,Memphis Grizzlies
559,49,33,0.598,13.0,104.8,102.4,2.91,2014,Dallas Mavericks
560,34,48,0.415,28.0,99.7,102.4,-1.98,2014,New Orleans Pelicans
561,49,33,0.598,—,104.0,100.9,2.45,2015,Toronto Raptors
562,40,42,0.488,9.0,101.4,101.2,-0.4,2015,Boston Celtics
563,38,44,0.463,11.0,98.0,100.9,-3.13,2015,Brooklyn Nets
564,18,64,0.22,31.0,92.0,101.0,-9.04,2015,Philadelphia 76ers
565,17,65,0.207,32.0,91.9,101.2,-9.5,2015,New York Knicks
566,53,29,0.646,—,103.1,98.7,4.08,2015,Cleveland Cavaliers
567,50,32,0.61,3.0,100.8,97.8,2.54,2015,Chicago Bulls
568,41,41,0.5,12.0,97.8,97.4,-0.09,2015,Milwaukee Bucks
569,38,44,0.463,15.0,97.3,97.0,-0.23,2015,Indiana Pacers
570,32,50,0.39,21.0,98.5,99.5,-1.39,2015,Detroit Pistons
571,60,22,0.732,—,102.5,97.1,4.75,2015,Atlanta Hawks
572,46,36,0.561,14.0,98.5,97.8,0.17,2015,Washington Wizards
573,37,45,0.451,23.0,94.7,97.3,-2.92,2015,Miami Heat
574,33,49,0.402,27.0,94.2,97.3,-3.44,2015,Charlotte Hornets
575,25,57,0.305,35.0,95.7,101.4,-5.87,2015,Orlando Magic
576,51,31,0.622,—,102.8,98.6,4.41,2015,Portland Trail Blazers
577,45,37,0.549,6.0,104.0,101.8,2.47,2015,Oklahoma City Thunder
578,38,44,0.463,13.0,95.1,94.9,0.71,2015,Utah Jazz
579,30,52,0.366,21.0,101.5,105.0,-3.07,2015,Denver Nuggets
580,16,66,0.195,35.0,97.8,106.5,-8.0,2015,Minnesota Timberwolves
581,67,15,0.817,—,110.0,99.9,10.01,2015,Golden State Warriors
582,56,26,0.683,11.0,106.7,100.1,6.8,2015,Los Angeles Clippers
583,39,43,0.476,28.0,102.4,103.3,-0.38,2015,Phoenix Suns
584,29,53,0.354,38.0,101.3,105.0,-3.07,2015,Sacramento Kings
585,21,61,0.256,46.0,98.5,105.3,-6.17,2015,Los Angeles Lakers
586,56,26,0.683,—,103.9,100.5,3.82,2015,Houston Rockets
587,55,27,0.671,1.0,98.3,95.1,3.62,2015,Memphis Grizzlies
588,55,27,0.671,1.0,103.2,97.0,6.34,2015,San Antonio Spurs
589,50,32,0.61,6.0,105.2,102.3,3.36,2015,Dallas Mavericks
590,45,37,0.549,11.0,99.4,98.6,1.13,2015,New Orleans Pelicans
591,56,26,0.683,—,102.7,98.2,4.08,2016,Toronto Raptors
592,48,34,0.585,8.0,105.7,102.5,2.84,2016,Boston Celtics
593,32,50,0.39,24.0,98.4,101.1,-2.74,2016,New York Knicks
594,21,61,0.256,35.0,98.6,106.0,-7.12,2016,Brooklyn Nets
595,10,72,0.122,46.0,97.4,107.6,-9.92,2016,Philadelphia 76ers
596,57,25,0.695,—,104.3,98.3,5.45,2016,Cleveland Cavaliers
597,45,37,0.549,12.0,102.2,100.5,1.62,2016,Indiana Pacers
598,44,38,0.537,13.0,102.0,101.4,0.43,2016,Detroit Pistons
599,42,40,0.512,15.0,101.6,103.1,-1.46,2016,Chicago Bulls
600,33,49,0.402,24.0,99.0,103.2,-3.98,2016,Milwaukee Bucks
601,48,34,0.585,—,100.0,98.4,1.5,2016,Miami Heat
602,48,34,0.585,—,102.8,99.2,3.49,2016,Atlanta Hawks
603,48,34,0.585,—,103.4,100.7,2.36,2016,Charlotte Hornets
604,41,41,0.5,7.0,104.1,104.6,-0.5,2016,Washington Wizards
605,35,47,0.427,13.0,102.1,103.7,-1.68,2016,Orlando Magic
606,55,27,0.671,—,110.2,102.9,7.09,2016,Oklahoma City Thunder
607,44,38,0.537,11.0,105.1,104.3,0.98,2016,Portland Trail Blazers
608,40,42,0.488,15.0,97.7,95.9,1.84,2016,Utah Jazz
609,33,49,0.402,22.0,101.9,105.0,-2.81,2016,Denver Nuggets
610,29,53,0.354,26.0,102.4,106.0,-3.38,2016,Minnesota Timberwolves
611,73,9,0.89,—,114.9,104.1,10.38,2016,Golden State Warriors
612,53,29,0.646,20.0,104.5,100.2,4.13,2016,Los Angeles Clippers
613,33,49,0.402,40.0,106.6,109.1,-2.32,2016,Sacramento Kings
614,23,59,0.28,50.0,100.9,107.5,-6.32,2016,Phoenix Suns
615,17,65,0.207,56.0,97.3,106.9,-8.92,2016,Los Angeles Lakers
616,67,15,0.817,—,103.5,92.9,10.28,2016,San Antonio Spurs
617,42,40,0.512,25.0,102.3,102.6,-0.02,2016,Dallas Mavericks
618,42,40,0.512,25.0,99.1,101.3,-2.14,2016,Memphis Grizzlies
619,41,41,0.5,26.0,106.5,106.4,0.34,2016,Houston Rockets
620,30,52,0.366,37.0,102.7,106.5,-3.56,2016,New Orleans Pelicans
621,53,29,0.646,—,108.0,105.4,2.25,2017,Boston Celtics
622,51,31,0.622,2.0,106.9,102.6,3.65,2017,Toronto Raptors
623,31,51,0.378,22.0,104.3,108.0,-3.87,2017,New York Knicks
624,28,54,0.341,25.0,102.4,108.1,-5.83,2017,Philadelphia 76ers
625,20,62,0.244,33.0,105.8,112.5,-6.74,2017,Brooklyn Nets
626,51,31,0.622,—,110.3,107.2,2.87,2017,Cleveland Cavaliers
627,42,40,0.512,9.0,103.6,103.8,-0.45,2017,Milwaukee Bucks
628,42,40,0.512,9.0,105.1,105.3,-0.64,2017,Indiana Pacers
629,41,41,0.5,10.0,102.9,102.4,0.03,2017,Chicago Bulls
630,37,45,0.451,14.0,101.3,102.5,-1.29,2017,Detroit Pistons
631,49,33,0.598,—,109.2,107.4,1.36,2017,Washington Wizards
632,43,39,0.524,6.0,103.2,104.0,-1.23,2017,Atlanta Hawks
633,41,41,0.5,8.0,103.2,102.1,0.77,2017,Miami Heat
634,36,46,0.439,13.0,104.9,104.7,-0.07,2017,Charlotte Hornets
635,29,53,0.354,20.0,101.1,107.6,-6.61,2017,Orlando Magic
636,51,31,0.622,—,100.7,96.8,4.0,2017,Utah Jazz
637,47,35,0.573,4.0,106.6,105.8,1.14,2017,Oklahoma City Thunder
638,41,41,0.5,10.0,107.9,108.5,-0.23,2017,Portland Trail Blazers
639,40,42,0.488,11.0,111.7,111.2,0.7,2017,Denver Nuggets
640,31,51,0.378,20.0,105.6,106.7,-0.64,2017,Minnesota Timberwolves
641,67,15,0.817,—,115.9,104.3,11.35,2017,Golden State Warriors
642,51,31,0.622,16.0,108.7,104.4,4.42,2017,Los Angeles Clippers
643,32,50,0.39,35.0,102.8,106.7,-3.29,2017,Sacramento Kings
644,26,56,0.317,41.0,104.6,111.5,-6.29,2017,Los Angeles Lakers
645,24,58,0.293,43.0,107.7,113.3,-5.14,2017,Phoenix Suns
646,61,21,0.744,—,105.3,98.1,7.13,2017,San Antonio Spurs
647,55,27,0.671,6.0,115.3,109.6,5.84,2017,Houston Rockets
648,43,39,0.524,18.0,100.5,100.0,0.96,2017,Memphis Grizzlies
649,34,48,0.415,27.0,104.3,106.4,-1.69,2017,New Orleans Pelicans
650,33,49,0.402,28.0,97.9,100.8,-2.53,2017,Dallas Mavericks
651,59,23,0.72,—,111.7,103.9,7.29,2018,Toronto Raptors
652,55,27,0.671,4.0,104.0,100.4,3.23,2018,Boston Celtics
653,52,30,0.634,7.0,109.8,105.3,4.3,2018,Philadelphia 76ers
654,29,53,0.354,30.0,104.5,108.0,-3.53,2018,New York Knicks
655,28,54,0.341,31.0,106.6,110.3,-3.67,2018,Brooklyn Nets
656,50,32,0.61,—,110.9,109.9,0.59,2018,Cleveland Cavaliers
657,48,34,0.585,2.0,105.6,104.2,1.18,2018,Indiana Pacers
658,44,38,0.537,6.0,106.5,106.8,-0.45,2018,Milwaukee Bucks
659,39,43,0.476,11.0,103.8,103.9,-0.26,2018,Detroit Pistons
660,27,55,0.329,23.0,102.9,110.0,-6.84,2018,Chicago Bulls
661,44,38,0.537,—,103.4,102.9,0.15,2018,Miami Heat
662,43,39,0.524,1.0,106.6,106.0,0.53,2018,Washington Wizards
663,36,46,0.439,8.0,108.2,108.0,0.07,2018,Charlotte Hornets
664,25,57,0.305,19.0,103.4,108.2,-4.92,2018,Orlando Magic
665,24,58,0.293,20.0,103.4,108.8,-5.3,2018,Atlanta Hawks
666,49,33,0.598,—,105.6,103.0,2.6,2018,Portland Trail Blazers
667,48,34,0.585,1.0,107.9,104.4,3.42,2018,Oklahoma City Thunder
668,48,34,0.585,1.0,104.1,99.8,4.47,2018,Utah Jazz
669,47,35,0.573,2.0,109.5,107.3,2.35,2018,Minnesota Timberwolves
670,46,36,0.561,3.0,110.0,108.5,1.57,2018,Denver Nuggets
671,58,24,0.707,—,113.5,107.5,5.79,2018,Golden State Warriors
672,42,40,0.512,16.0,109.0,109.0,0.15,2018,Los Angeles Clippers
673,35,47,0.427,23.0,108.1,109.6,-1.44,2018,Los Angeles Lakers
674,27,55,0.329,31.0,98.8,105.8,-6.6,2018,Sacramento Kings
675,21,61,0.256,37.0,103.9,113.3,-8.8,2018,Phoenix Suns
676,65,17,0.793,—,112.4,103.9,8.21,2018,Houston Rockets
677,48,34,0.585,17.0,111.7,110.4,1.48,2018,New Orleans Pelicans
678,47,35,0.573,18.0,102.7,99.8,2.89,2018,San Antonio Spurs
679,24,58,0.293,41.0,102.3,105.4,-2.7,2018,Dallas Mavericks
680,22,60,0.268,43.0,99.3,105.5,-5.81,2018,Memphis Grizzlies
681,58,24,0.707,—,114.4,108.4,5.49,2019,Toronto Raptors
682,51,31,0.622,7.0,115.2,112.5,2.25,2019,Philadelphia 76ers
683,49,33,0.598,9.0,112.4,108.0,3.9,2019,Boston Celtics
684,42,40,0.512,16.0,112.2,112.3,-0.4,2019,Brooklyn Nets
685,17,65,0.207,41.0,104.6,113.8,-8.93,2019,New York Knicks
686,60,22,0.732,—,118.1,109.3,8.04,2019,Milwaukee Bucks
687,48,34,0.585,12.0,108.0,104.7,2.76,2019,Indiana Pacers
688,41,41,0.5,19.0,107.0,107.3,-0.56,2019,Detroit Pistons
689,22,60,0.268,38.0,104.9,113.4,-8.32,2019,Chicago Bulls
690,19,63,0.232,41.0,104.5,114.1,-9.39,2019,Cleveland Cavaliers
691,42,40,0.512,—,107.3,106.6,0.28,2019,Orlando Magic
692,39,43,0.476,3.0,110.7,111.8,-1.32,2019,Charlotte Hornets
693,39,43,0.476,3.0,105.7,105.9,-0.45,2019,Miami Heat
694,32,50,0.39,10.0,114.0,116.9,-3.3,2019,Washington Wizards
695,29,53,0.354,13.0,113.3,119.4,-6.06,2019,Atlanta Hawks
696,54,28,0.659,—,110.7,106.7,4.19,2019,Denver Nuggets
697,53,29,0.646,1.0,114.7,110.5,4.43,2019,Portland Trail Blazers
698,50,32,0.61,4.0,111.7,106.5,5.28,2019,Utah Jazz
699,49,33,0.598,5.0,114.5,111.1,3.56,2019,Oklahoma City Thunder
700,36,46,0.439,18.0,112.5,114.0,-1.02,2019,Minnesota Timberwolves
701,57,25,0.695,—,117.7,111.2,6.42,2019,Golden State Warriors
702,48,34,0.585,9.0,115.1,114.3,1.09,2019,Los Angeles Clippers
703,39,43,0.476,18.0,114.2,115.3,-0.81,2019,Sacramento Kings
704,37,45,0.451,20.0,111.8,113.5,-1.33,2019,Los Angeles Lakers
705,19,63,0.232,38.0,107.5,116.8,-8.61,2019,Phoenix Suns
706,53,29,0.646,—,113.9,109.1,4.96,2019,Houston Rockets
707,48,34,0.585,5.0,111.7,110.0,1.8,2019,San Antonio Spurs
708,33,49,0.402,20.0,103.5,106.1,-2.08,2019,Memphis Grizzlies
709,33,49,0.402,20.0,115.4,116.8,-1.1,2019,New Orleans Pelicans
710,33,49,0.402,20.0,108.9,110.1,-0.87,2019,Dallas Mavericks
711,53,19,0.736,—,112.8,106.5,5.97,2020,Toronto Raptors
712,48,24,0.667,5.0,113.7,107.3,5.83,2020,Boston Celtics
713,43,30,0.589,10.5,110.7,108.4,2.25,2020,Philadelphia 76ers
714,35,37,0.486,18.0,111.8,112.3,-1.01,2020,Brooklyn Nets
715,21,45,0.318,29.0,105.8,112.3,-6.72,2020,New York Knicks
716,56,17,0.767,—,118.7,108.6,9.41,2020,Milwaukee Bucks
717,45,28,0.616,11.0,109.4,107.5,1.63,2020,Indiana Pacers
718,22,43,0.338,30.0,106.8,109.9,-4.0,2020,Chicago Bulls
719,20,46,0.303,32.5,107.2,110.8,-4.38,2020,Detroit Pistons
720,19,46,0.292,33.0,106.9,114.8,-7.77,2020,Cleveland Cavaliers
721,44,29,0.603,—,112.0,109.1,2.59,2020,Miami Heat
722,33,40,0.452,11.0,107.3,108.3,-0.93,2020,Orlando Magic
723,23,42,0.354,17.0,102.9,109.6,-7.03,2020,Charlotte Hornets
724,25,47,0.347,18.5,114.4,119.1,-5.24,2020,Washington Wizards
725,20,47,0.299,21.0,111.8,119.7,-7.71,2020,Atlanta Hawks
726,46,27,0.63,—,111.3,109.2,2.35,2020,Denver Nuggets
727,44,28,0.611,1.5,110.4,108.4,2.33,2020,Oklahoma City Thunder
728,44,28,0.611,1.5,111.3,108.8,2.52,2020,Utah Jazz
729,35,39,0.473,11.5,115.0,116.1,-0.61,2020,Portland Trail Blazers
730,19,45,0.297,22.5,113.3,117.5,-4.02,2020,Minnesota Timberwolves
731,52,19,0.732,—,113.4,107.6,6.28,2020,Los Angeles Lakers
732,49,23,0.681,3.5,116.3,109.9,6.66,2020,Los Angeles Clippers
733,34,39,0.466,19.0,113.6,113.4,0.56,2020,Phoenix Suns
734,31,41,0.431,21.5,110.1,112.1,-1.59,2020,Sacramento Kings
735,15,50,0.231,34.0,106.3,115.0,-8.12,2020,Golden State Warriors
736,44,28,0.611,—,117.8,114.8,3.13,2020,Houston Rockets
737,43,32,0.573,2.5,117.0,112.1,4.87,2020,Dallas Mavericks
738,34,39,0.466,10.5,112.6,113.7,-0.91,2020,Memphis Grizzlies
739,32,39,0.451,11.5,114.1,115.2,-0.65,2020,San Antonio Spurs
740,30,42,0.417,14.0,115.8,117.1,-0.55,2020,New Orleans Pelicans
741,49,23,0.681,—,113.6,108.1,5.28,2021,Philadelphia 76ers
742,48,24,0.667,1.0,118.6,114.1,4.24,2021,Brooklyn Nets
743,41,31,0.569,8.0,107.0,104.7,2.13,2021,New York Knicks
744,36,36,0.5,13.0,112.6,111.2,1.32,2021,Boston Celtics
745,27,45,0.375,22.0,111.3,111.7,-0.54,2021,Toronto Raptors
746,46,26,0.639,—,120.1,114.2,5.57,2021,Milwaukee Bucks
747,34,38,0.472,12.0,115.3,115.3,-0.13,2021,Indiana Pacers
748,31,41,0.431,15.0,110.7,111.6,-0.94,2021,Chicago Bulls
749,22,50,0.306,24.0,103.8,112.3,-8.19,2021,Cleveland Cavaliers
750,20,52,0.278,26.0,106.6,111.1,-4.38,2021,Detroit Pistons
751,41,31,0.569,—,113.7,111.4,2.14,2021,Atlanta Hawks
752,40,32,0.556,1.0,108.1,108.0,-0.06,2021,Miami Heat
753,34,38,0.472,7.0,116.6,118.5,-1.85,2021,Washington Wizards
754,33,39,0.458,8.0,109.5,111.4,-1.94,2021,Charlotte Hornets
755,21,51,0.292,20.0,104.0,113.3,-9.02,2021,Orlando Magic
756,52,20,0.722,—,116.4,107.2,8.97,2021,Utah Jazz
757,47,25,0.653,5.0,115.1,110.1,4.82,2021,Denver Nuggets
758,42,30,0.583,10.0,116.1,114.3,1.81,2021,Portland Trail Blazers
759,23,49,0.319,29.0,112.1,117.7,-5.25,2021,Minnesota Timberwolves
760,22,50,0.306,30.0,105.0,115.6,-10.13,2021,Oklahoma City Thunder
761,51,21,0.708,—,115.3,109.5,5.67,2021,Phoenix Suns
762,47,25,0.653,4.0,114.0,107.8,6.02,2021,Los Angeles Clippers
763,42,30,0.583,9.0,109.5,106.8,2.77,2021,Los Angeles Lakers
764,39,33,0.542,12.0,113.7,112.7,1.1,2021,Golden State Warriors
765,31,41,0.431,20.0,113.7,117.4,-3.45,2021,Sacramento Kings
766,42,30,0.583,—,112.4,110.2,2.26,2021,Dallas Mavericks
767,38,34,0.528,4.0,113.3,112.3,1.07,2021,Memphis Grizzlies
768,33,39,0.458,9.0,111.1,112.8,-1.58,2021,San Antonio Spurs
769,31,41,0.431,11.0,114.6,114.9,-0.2,2021,New Orleans Pelicans
770,17,55,0.236,25.0,108.8,116.7,-7.5,2021,Houston Rockets
771,51,31,0.622,—,111.8,104.5,7.02,2022,Boston Celtics
772,51,31,0.622,—,109.9,107.3,2.57,2022,Philadelphia 76ers
773,48,34,0.585,3.0,109.4,107.1,2.38,2022,Toronto Raptors
774,44,38,0.537,7.0,112.9,112.1,0.82,2022,Brooklyn Nets
775,37,45,0.451,14.0,106.5,106.6,-0.01,2022,New York Knicks
776,51,31,0.622,—,115.5,112.1,3.22,2022,Milwaukee Bucks
777,46,36,0.561,5.0,111.6,112.0,-0.38,2022,Chicago Bulls
778,44,38,0.537,7.0,107.8,105.7,2.04,2022,Cleveland Cavaliers
779,25,57,0.305,26.0,111.5,114.9,-3.26,2022,Indiana Pacers
780,23,59,0.28,28.0,104.8,112.5,-7.36,2022,Detroit Pistons
781,53,29,0.646,—,110.0,105.6,4.23,2022,Miami Heat
782,43,39,0.524,10.0,113.9,112.4,1.55,2022,Atlanta Hawks
783,43,39,0.524,10.0,115.3,114.9,0.53,2022,Charlotte Hornets
784,35,47,0.427,18.0,108.6,112.0,-3.23,2022,Washington Wizards
785,22,60,0.268,31.0,104.2,112.2,-7.67,2022,Orlando Magic
786,49,33,0.598,—,113.6,107.6,5.67,2022,Utah Jazz
787,48,34,0.585,1.0,112.7,110.4,2.16,2022,Denver Nuggets
788,46,36,0.561,3.0,115.9,113.3,2.53,2022,Minnesota Timberwolves
789,27,55,0.329,22.0,106.2,115.1,-8.55,2022,Portland Trail Blazers
790,24,58,0.293,25.0,103.7,111.8,-7.9,2022,Oklahoma City Thunder
791,64,18,0.78,—,114.8,107.3,6.94,2022,Phoenix Suns
792,53,29,0.646,11.0,111.0,105.5,5.52,2022,Golden State Warriors
793,42,40,0.512,22.0,108.4,108.4,0.09,2022,Los Angeles Clippers
794,33,49,0.402,31.0,112.1,115.1,-3.08,2022,Los Angeles Lakers
795,30,52,0.366,34.0,110.3,115.8,-5.26,2022,Sacramento Kings
796,56,26,0.683,—,115.6,109.9,5.37,2022,Memphis Grizzlies
797,52,30,0.634,4.0,108.0,104.7,3.12,2022,Dallas Mavericks
798,36,46,0.439,20.0,109.3,110.3,-0.84,2022,New Orleans Pelicans
799,34,48,0.415,22.0,113.2,113.0,0.02,2022,San Antonio Spurs
800,20,62,0.244,36.0,109.7,118.2,-8.26,2022,Houston Rockets
801,57,25,0.695,—,117.9,111.4,6.38,2023,Boston Celtics
802,54,28,0.659,3.0,115.2,110.9,4.37,2023,Philadelphia 76ers
803,47,35,0.573,10.0,116.0,113.1,2.99,2023,New York Knicks
804,45,37,0.549,12.0,113.4,112.5,1.03,2023,Brooklyn Nets
805,41,41,0.5,16.0,112.9,111.4,1.59,2023,Toronto Raptors
806,58,24,0.707,—,116.9,113.3,3.61,2023,Milwaukee Bucks
807,51,31,0.622,7.0,112.3,106.9,5.23,2023,Cleveland Cavaliers
808,40,42,0.488,18.0,113.1,111.8,1.37,2023,Chicago Bulls
809,35,47,0.427,23.0,116.3,119.5,-2.91,2023,Indiana Pacers
810,17,65,0.207,41.0,110.3,118.5,-7.73,2023,Detroit Pistons
811,44,38,0.537,—,109.5,109.8,-0.13,2023,Miami Heat
812,41,41,0.5,3.0,118.4,118.1,0.32,2023,Atlanta Hawks
813,35,47,0.427,9.0,113.2,114.4,-1.06,2023,Washington Wizards
814,34,48,0.415,10.0,111.4,114.0,-2.39,2023,Orlando Magic
815,27,55,0.329,17.0,111.0,117.2,-5.89,2023,Charlotte Hornets
816,53,29,0.646,—,115.8,112.5,3.04,2023,Denver Nuggets
817,42,40,0.512,11.0,115.8,115.8,-0.22,2023,Minnesota Timberwolves
818,40,42,0.488,13.0,117.5,116.4,0.96,2023,Oklahoma City Thunder
819,37,45,0.451,16.0,117.1,118.0,-1.03,2023,Utah Jazz
820,33,49,0.402,20.0,113.4,117.4,-3.96,2023,Portland Trail Blazers
821,48,34,0.585,—,120.7,118.1,2.3,2023,Sacramento Kings
822,45,37,0.549,3.0,113.6,111.6,2.08,2023,Phoenix Suns
823,44,38,0.537,4.0,113.6,113.1,0.31,2023,Los Angeles Clippers
824,44,38,0.537,4.0,118.9,117.1,1.66,2023,Golden State Warriors
825,43,39,0.524,5.0,117.2,116.6,0.43,2023,Los Angeles Lakers
826,51,31,0.622,—,116.9,113.0,3.6,2023,Memphis Grizzlies
827,42,40,0.512,9.0,114.4,112.5,1.63,2023,New Orleans Pelicans
828,38,44,0.463,13.0,114.2,114.1,-0.14,2023,Dallas Mavericks
829,22,60,0.268,29.0,110.7,118.6,-7.62,2023,Houston Rockets
830,22,60,0.268,29.0,113.0,123.1,-9.82,2023,San Antonio Spurs
831,64,18,0.78,—,120.6,109.2,10.75,2024,Boston Celtics
832,50,32,0.61,14.0,112.8,108.2,4.36,2024,New York Knicks
833,47,35,0.573,17.0,114.6,111.5,2.51,2024,Philadelphia 76ers
834,32,50,0.39,32.0,110.4,113.3,-3.02,2024,Brooklyn Nets
835,25,57,0.305,39.0,112.4,118.8,-6.45,2024,Toronto Raptors
836,49,33,0.598,—,119.0,116.4,2.44,2024,Milwaukee Bucks
837,48,34,0.585,1.0,112.6,110.2,1.98,2024,Cleveland Cavaliers
838,47,35,0.573,2.0,123.3,120.2,2.75,2024,Indiana Pacers
839,39,43,0.476,10.0,112.3,113.7,-1.77,2024,Chicago Bulls
840,14,68,0.171,35.0,109.9,119.0,-9.06,2024,Detroit Pistons
841,47,35,0.573,—,110.5,108.4,1.48,2024,Orlando Magic
842,46,36,0.561,1.0,110.1,108.4,1.1,2024,Miami Heat
843,36,46,0.439,11.0,118.3,120.5,-2.38,2024,Atlanta Hawks
844,21,61,0.256,26.0,106.6,116.8,-10.12,2024,Charlotte Hornets
845,15,67,0.183,32.0,113.7,123.0,-9.29,2024,Washington Wizards
846,57,25,0.695,—,120.1,112.7,7.36,2024,Oklahoma City Thunder
847,57,25,0.695,—,114.9,109.6,5.23,2024,Denver Nuggets
848,56,26,0.683,1.0,113.0,106.5,6.39,2024,Minnesota Timberwolves
849,31,51,0.378,26.0,115.7,120.5,-4.22,2024,Utah Jazz
850,21,61,0.256,36.0,106.4,115.4,-8.29,2024,Portland Trail Blazers
851,51,31,0.622,—,115.6,112.3,3.41,2024,Los Angeles Clippers
852,49,33,0.598,2.0,116.2,113.2,3.08,2024,Phoenix Suns
853,47,35,0.573,4.0,118.0,117.4,1.07,2024,Los Angeles Lakers
854,46,36,0.561,5.0,116.6,114.8,2.29,2024,Sacramento Kings
855,46,36,0.561,5.0,117.8,115.2,2.77,2024,Golden State Warriors
856,50,32,0.61,—,117.9,115.6,2.3,2024,Dallas Mavericks
857,49,33,0.598,1.0,115.1,110.7,4.46,2024,New Orleans Pelicans
858,41,41,0.5,9.0,114.3,113.2,1.24,2024,Houston Rockets
859,27,55,0.329,23.0,105.8,112.8,-6.57,2024,Memphis Grizzlies
860,22,60,0.268,28.0,112.1,118.6,-5.8,2024,San Antonio Spurs
861,61,21,0.744,—,116.3,107.2,8.28,2025,Boston Celtics
862,51,31,0.622,10.0,115.8,111.7,3.59,2025,New York Knicks
863,30,52,0.366,31.0,110.9,115.2,-4.4,2025,Toronto Raptors
864,26,56,0.317,35.0,105.1,112.2,-6.95,2025,Brooklyn Nets
865,24,58,0.293,37.0,109.6,115.8,-6.29,2025,Philadelphia 76ers
866,64,18,0.78,—,121.9,112.4,8.81,2025,Cleveland Cavaliers
867,50,32,0.61,14.0,117.4,115.1,1.68,2025,Indiana Pacers
868,48,34,0.585,16.0,115.5,113.0,2.12,2025,Milwaukee Bucks
869,44,38,0.537,20.0,115.5,113.6,1.73,2025,Detroit Pistons
870,39,43,0.476,25.0,117.8,119.4,-1.83,2025,Chicago Bulls
871,41,41,0.5,—,105.4,105.5,-0.7,2025,Orlando Magic
872,40,42,0.488,1.0,118.2,119.3,-1.41,2025,Atlanta Hawks
873,37,45,0.451,4.0,110.6,110.0,0.11,2025,Miami Heat
874,19,63,0.232,22.0,105.1,114.2,-9.1,2025,Charlotte Hornets
875,18,64,0.22,23.0,108.0,120.4,-12.14,2025,Washington Wizards
876,68,14,0.829,—,120.5,107.6,12.7,2025,Oklahoma City Thunder
877,50,32,0.61,18.0,120.8,116.9,3.97,2025,Denver Nuggets
878,49,33,0.598,19.0,114.3,109.3,5.15,2025,Minnesota Timberwolves
879,36,46,0.439,32.0,110.9,113.9,-2.67,2025,Portland Trail Blazers
880,17,65,0.207,51.0,111.9,121.2,-8.51,2025,Utah Jazz
881,50,32,0.61,—,113.4,112.2,1.45,2025,Los Angeles Lakers
882,50,32,0.61,—,112.9,108.2,4.84,2025,Los Angeles Clippers
883,48,34,0.585,2.0,113.8,110.5,3.56,2025,Golden State Warriors
884,40,42,0.488,10.0,115.7,115.3,0.58,2025,Sacramento Kings
885,36,46,0.439,14.0,113.6,116.6,-2.55,2025,Phoenix Suns
886,52,30,0.634,—,114.3,109.8,4.97,2025,Houston Rockets
887,48,34,0.585,4.0,121.7,116.9,4.79,2025,Memphis Grizzlies
888,39,43,0.476,13.0,114.2,115.4,-0.74,2025,Dallas Mavericks
889,34,48,0.415,18.0,113.9,116.7,-2.45,2025,San Antonio Spurs
890,21,61,0.256,31.0,109.8,119.3,-8.59,2025,New Orleans Pelicans
